127,0.81970394,0.88767827,654,Super+ 98,0,224.6018441587
136,0.23228389,0.23929936,5036,Diesel,0,274.924928754
176,0.95221645,0.5297633,9957,Super+ 98,0,22.0029066929
196,0.6525405,0.334055,14499,Diesel,1,321.0529324401
296,0.90552133,0.9356402,19574,Super+ 98,0,90.4151345335
50,0.23456615,0.23548776,4064,Super+ 98,0,65.4914085585
246,0.3105924,0.920862,9700,Super+ 98,0,62.5016577178
127,0.75365686,0.72345614,15619,Super+ 98,0,301.7593097999
318,0.6310339,0.37507147,11634,Super+ 98,0,457.3239537343
219,0.16491884,0.646565,8032,Super+ 98,1,336.4354516211
130,0.4354579,0.115478516,17783,Super+ 98,1,494.4187502078
136,0.19098407,0.35983992,8979,Diesel,0,275.6874316968
323,0.96910834,0.07187629,13458,Super+ 98,1,295.3083293496
359,0.494016,0.0139364,7470,Diesel,1,469.8282517173
332,0.06750351,0.45406115,2343,Super+ 98,1,146.9892479813
95,0.06363487,0.6278999,2875,Super+ 98,0,319.3164097015
106,0.45373017,0.7329908,7089,Super+ 98,0,475.3661195539
297,0.39731032,0.63276863,13950,Super+ 98,0,228.0618131458
121,0.3356282,0.35942847,1257,Diesel,1,296.763314731
22,0.33441132,0.48723066,16655,Super+ 98,1,358.9711101827
157,0.62115407,0.030654252,16664,Diesel,0,395.3455777467
224,0.027706265,0.98361963,11096,Diesel,0,315.3611711055
251,0.62870985,0.9797436,2309,Super+ 98,0,271.5248477704
346,0.71348995,0.22008598,13547,Diesel,0,108.1392881069
244,0.5327722,0.3649403,17537,Diesel,0,14.5381953434
125,0.955855,0.83141154,8646,Diesel,1,120.9920392336
190,0.4889611,0.44240922,12338,Super+ 98,0,143.5957282301
165,0.6823786,0.66987115,3257,Super+ 98,0,292.7149600767
58,0.8410517,0.92978793,13697,Super+ 98,1,358.5200893835
125,0.8456635,0.3019083,19418,Super+ 98,1,78.7346680106
205,0.26877367,0.24825281,7788,Super+ 98,1,490.1638690501
325,0.9153664,0.89459306,3239,Super+ 98,1,54.3441576495
113,0.7828882,0.16452378,8596,Super+ 98,0,300.7578544502
24,0.9031916,0.5767222,17674,Super+ 98,0,148.7833396628
90,0.79239213,0.75667155,1182,Super+ 98,0,274.9205285068
98,0.062265158,0.44790256,2059,Diesel,0,441.4074106113
341,0.70049727,0.22200394,6593,Diesel,1,102.4842747067
3,0.08578855,0.6341148,6306,Diesel,1,331.5149954521
196,0.7127224,0.6005607,14181,Super+ 98,0,442.4183402108
280,0.953505,0.9673008,5215,Super+ 98,0,332.4546660842
166,0.5940411,0.37637794,1543,Super+ 98,0,360.2896345948
40,0.37667876,0.38905585,12028,Super+ 98,1,51.3978603461
2,0.992888,0.87428147,1518,Super+ 98,0,209.1877529151
97,0.9572592,0.58693177,812,Super+ 98,1,498.3682624251
158,0.9011823,0.5790651,11675,Super+ 98,1,180.0656069485
319,0.6504909,0.66485,16111,Super+ 98,1,186.5914024062
29,0.14074218,0.97366154,6536,Super+ 98,1,436.6063391585
29,0.40452677,0.54664814,6950,Super+ 98,0,158.9836959115
306,0.22844154,0.79243404,8572,Super+ 98,0,144.9945903448
112,0.20026863,0.25095546,6001,Super+ 98,1,362.4957551655
275,0.72950363,0.46473783,18570,Diesel,1,415.448729248
249,0.66390634,0.58835727,19112,Diesel,1,165.7252185067
109,0.38248348,0.569123,1300,Super+ 98,0,248.1234951294
287,0.9297957,0.28634906,203,Diesel,0,311.6766509896
192,0.9241923,0.5139301,17624,Diesel,1,424.4103941221
328,0.82069343,0.6167812,4125,Super+ 98,0,283.9555385543
271,0.47427922,0.27377206,13889,Super+ 98,1,10.9358001197
292,0.4907056,0.85200673,17335,Diesel,1,228.3184864689
342,0.3549323,0.4384904,18129,Diesel,1,220.9668451512
57,0.7380881,0.15958464,15467,Diesel,0,123.6994835368
84,0.50662565,0.67664665,10454,Diesel,1,47.7895695146
222,0.35655886,0.7849634,5593,Super+ 98,1,1.8039581699
309,0.7158952,0.30994987,1362,Super+ 98,1,116.7824919825
167,0.060498655,0.34934235,46,Diesel,1,93.247348639
289,0.06999755,0.58930993,3672,Super+ 98,1,471.9859275898
219,0.4612043,0.74331135,14884,Super+ 98,1,304.405877967
269,0.98225677,0.25803816,4802,Super+ 98,1,298.4148324187
271,0.9845877,0.12817079,15470,Diesel,1,321.5031541595
185,0.13055348,0.105874956,10912,Diesel,1,77.7475494018
206,0.71227896,0.6878366,3284,Diesel,1,74.6911442802
295,0.5147276,0.93697953,12995,Diesel,1,401.9773065359
328,0.16286343,0.7592897,7834,Super+ 98,0,408.0079510726
269,0.41781855,0.59479445,12647,Diesel,1,299.0085948152
300,0.4392408,0.51135194,3220,Diesel,1,487.4252893654
180,0.52780706,0.30457819,9903,Super+ 98,0,495.2471242634
189,0.22294086,0.33569402,7168,Diesel,0,437.0928430596
289,0.3317533,0.23159474,10421,Super+ 98,0,111.446524429
21,0.8060934,0.17885178,8577,Super+ 98,0,327.9393470656
109,0.2278595,0.46714205,8272,Super+ 98,0,277.7651753776
208,0.15436858,0.07501501,10929,Super+ 98,0,108.9156710189
258,0.26635838,0.8390401,15431,Diesel,1,449.7364698398
292,0.9598143,0.6562149,7762,Super+ 98,1,3.5513197604
88,0.2524739,0.41571432,6126,Diesel,0,76.9176057905
179,0.32105553,0.7551546,3853,Diesel,1,246.0901042568
37,0.6695263,0.51514435,16800,Super+ 98,1,194.0053891874
298,0.384901,0.14626038,208,Super+ 98,0,475.2572427353
172,0.063555956,0.34258264,13255,Diesel,1,201.7706643055
72,0.4533739,0.6041642,625,Diesel,1,82.6661064392
155,0.3595562,0.77908534,16326,Diesel,1,494.6442593219
180,0.67151487,0.84058356,17363,Diesel,0,92.1202055871
43,0.44152337,0.21852326,13435,Super+ 98,1,155.3206607651
98,0.52812666,0.43996936,10502,Super+ 98,1,111.3706498131
216,0.6337206,0.18889666,16298,Diesel,0,255.0539724012
23,0.89915246,0.9839695,16479,Super+ 98,0,360.2487655202
285,0.8032795,0.03325814,14144,Diesel,0,96.4022979274
343,0.5905372,0.44394433,14483,Diesel,1,185.8343681897
178,0.52277166,0.9119152,17110,Diesel,0,149.9160599648
181,0.69995934,0.5636098,16397,Diesel,1,193.6923161301
301,0.40690345,0.6723158,6557,Diesel,0,164.1647202897
28,0.95965916,0.93312985,8479,Diesel,0,354.141061746
111,0.35968804,0.029076278,8349,Super+ 98,0,489.869944052
134,0.04670286,0.23428786,5145,Super+ 98,1,330.7753230283
52,0.62389934,0.70668185,13506,Diesel,0,217.9832508439
269,0.8021596,0.10833633,11140,Diesel,0,447.1354211363
270,0.2867909,0.28762388,2366,Diesel,1,240.0320324949
5,0.0516333,0.10771638,5284,Diesel,0,175.1922925365
68,0.94622785,0.30671906,10501,Super+ 98,0,223.9452755629
231,0.18995148,0.44185334,18815,Super+ 98,1,394.7627164107
359,0.77124,0.0846172,9209,Diesel,1,192.9087713399
6,0.84622097,0.03199935,13320,Diesel,0,444.5009388883
31,0.66913486,0.22386491,4822,Super+ 98,1,213.4626923503
315,0.67094874,0.024514139,5800,Super+ 98,0,83.1099592531
110,0.9366105,0.057368577,12750,Super+ 98,1,389.5502064931
129,0.61090416,0.80657923,17628,Super+ 98,0,201.455721992
253,0.7490681,0.9932449,8140,Diesel,0,110.7658229102
25,0.29118222,0.41606206,2967,Diesel,1,257.1491887611
26,0.052632213,0.30886847,13430,Diesel,1,275.1873562768
333,0.35200334,0.087953925,9359,Super+ 98,1,166.9515033829
219,0.0039309263,0.6438561,17992,Diesel,1,442.4817775768
190,0.38820463,0.88690406,3354,Super+ 98,0,84.3921405395
299,0.8142553,0.9291911,9357,Diesel,0,486.3348745255
195,0.28394687,0.28898185,12773,Diesel,0,392.2968494014
295,0.0038810372,0.72229934,10469,Super+ 98,1,305.4624689703
91,0.32328075,0.1582855,4003,Super+ 98,0,314.2550585873
337,0.74612033,0.65130764,8779,Diesel,0,259.9700173627
269,0.013640344,0.6349362,6868,Super+ 98,1,417.2670119326
130,0.9262824,0.06869936,3963,Super+ 98,0,37.5877989043
83,0.39209723,0.049700975,11033,Super+ 98,0,139.9696577404
58,0.8035157,0.6557627,17067,Diesel,0,466.7842273643
26,0.87555027,0.36593252,521,Diesel,1,387.1218866296
47,0.62784284,0.77262586,3706,Diesel,0,252.3199091092
71,0.2250508,0.7380866,6015,Super+ 98,0,13.9898836357
171,0.8233807,0.30802292,10999,Super+ 98,0,129.8192629844
208,0.106835365,0.34939158,19574,Super+ 98,0,213.7983129371
151,0.8580966,0.09128934,11819,Super+ 98,1,211.034678876
49,0.09861964,0.48729128,10149,Diesel,1,5.2250000948
143,0.17937511,0.96033084,14529,Diesel,1,247.5350763458
327,0.34824848,0.647377,7301,Super+ 98,0,375.1476024924
70,0.11705673,0.8564655,15698,Super+ 98,1,0.1236125899
227,0.28455776,0.78587246,3102,Super+ 98,1,264.8332663071
340,0.7871033,0.50257653,2070,Super+ 98,1,492.3114450058
110,0.6157783,0.7596604,3036,Super+ 98,0,271.7973588593
15,0.19000173,0.3205214,16282,Super+ 98,1,492.8774718196
244,0.18496364,0.35691375,1355,Super+ 98,1,86.0512993866
210,0.41602993,0.6206268,1166,Diesel,0,167.6738126171
11,0.20794874,0.8000375,1107,Super+ 98,1,38.4449236937
28,0.99604654,0.30125487,17754,Diesel,0,332.3748567318
350,0.8755757,0.6989564,5906,Diesel,0,178.4924709802
342,0.22331846,0.37296325,6116,Diesel,1,141.5811946122
67,0.43282628,0.054692388,16259,Super+ 98,1,208.6728983008
290,0.51458037,0.45129615,17033,Super+ 98,0,401.9629354327
166,0.40947902,0.859025,1464,Super+ 98,1,5.9646375859
309,0.1147868,0.77521604,1441,Super+ 98,1,110.6581843041
171,0.88620305,0.58935136,453,Diesel,0,197.3127618543
168,0.23314458,0.087473094,12526,Diesel,0,318.2025389896
352,0.9369335,0.4069963,7629,Super+ 98,0,463.1363528257
76,0.24552846,0.2757302,15735,Super+ 98,0,218.3465916851
331,0.7578466,0.5167804,504,Diesel,0,18.6311202434
71,0.64832675,0.12135148,2013,Diesel,1,8.9379454274
197,0.25804245,0.90821594,2566,Super+ 98,1,245.8886656369
259,0.9367566,0.89275295,18279,Super+ 98,0,45.9554545618
174,0.1464985,0.48618144,5108,Super+ 98,1,242.8970424049
101,0.78232574,0.6022868,17414,Diesel,1,430.8375292669
52,0.7428844,0.1144436,11841,Super+ 98,1,435.0550388013
249,0.94847214,0.08492428,4433,Super+ 98,0,312.1802351345
320,0.12742835,0.017677367,12387,Diesel,0,187.9930838356
107,0.71469724,0.35256094,13101,Super+ 98,1,448.5420940555
354,0.79357505,0.10116112,18432,Diesel,1,97.1664634769
346,0.30514473,0.2518258,1143,Super+ 98,1,66.8281494238
228,0.73041624,0.6629117,12670,Diesel,0,190.5053630033
126,0.6122367,0.28993273,16075,Diesel,1,486.4725691021
214,0.8651651,0.36439198,7065,Super+ 98,1,369.036569363
181,0.32235855,0.86138767,6286,Diesel,1,6.5298168634
184,0.5832705,0.1395269,2032,Diesel,0,235.079074878
306,0.3389442,0.71125007,8060,Super+ 98,0,177.2199761673
85,0.9536124,0.59796333,335,Super+ 98,1,147.358186476
249,0.6780731,0.21755582,9790,Super+ 98,1,102.7496072481
78,0.67923737,0.6537407,5080,Diesel,0,388.7276527654
58,0.18961394,0.9823147,16325,Super+ 98,0,152.9123887125
183,0.8611993,0.35122603,5593,Diesel,0,238.3181645767
119,0.067664266,0.5970195,19688,Diesel,0,39.3550912973
241,0.09940541,0.51035994,9718,Super+ 98,0,74.2720510837
60,0.68999255,0.44024658,18513,Super+ 98,1,151.4837282493
171,0.19024456,0.819391,8171,Super+ 98,0,325.5123778023
35,0.38524902,0.07083976,7014,Super+ 98,1,352.6068880901
90,0.017548978,0.8104272,12283,Diesel,1,74.2586522306
41,0.39697927,0.57708263,5068,Super+ 98,1,164.6262650089
45,0.13793784,0.6487254,4333,Super+ 98,0,303.6608760758
20,0.3960954,0.5989776,6571,Diesel,0,440.2361639317
182,0.5295194,0.8784802,12418,Super+ 98,0,422.7203297799
121,0.69544,0.7147949,12528,Diesel,1,122.4755063404
106,0.77740794,0.30488664,15869,Diesel,1,168.8522182671
250,0.37043118,0.6471031,10225,Super+ 98,0,118.1499828015
294,0.7676314,0.9474409,5807,Super+ 98,0,70.2277061288
236,0.28344673,0.8954991,16185,Diesel,0,158.6467762577
333,0.6371186,0.41578937,18650,Super+ 98,1,497.9131101423
78,0.20507425,0.47039306,17520,Diesel,1,208.4216901915
217,0.008482516,0.29088163,15832,Diesel,1,490.1123152263
317,0.2528308,0.8551289,1500,Diesel,0,402.8242803183
330,0.32242447,0.67485875,7359,Diesel,1,436.1972678347
204,0.68652546,0.57365596,6353,Diesel,1,116.0714577752
9,0.5768835,0.23941457,14563,Diesel,0,486.8771416653
112,0.87267137,0.99868846,16163,Diesel,0,214.2158325545
324,0.46526825,0.6937032,4359,Super+ 98,0,117.3697469782
61,0.97111857,0.567022,11760,Diesel,0,315.5234346552
17,0.9463019,0.48790997,12033,Super+ 98,0,417.0536040257
188,0.6636752,0.7904116,3728,Diesel,1,263.1608397139
323,0.011848271,0.39565176,9414,Diesel,1,484.9450403782
64,0.2512744,0.4582225,1010,Super+ 98,0,11.6518650641
31,0.5852693,0.50898856,18254,Super+ 98,0,297.5900249135
331,0.4834137,0.9684026,7113,Super+ 98,1,238.161058104
247,0.35055518,0.61687714,16749,Diesel,0,474.3000373137
9,0.32173723,0.26336277,11600,Diesel,1,51.4273741971
83,0.48806393,0.27970278,758,Super+ 98,1,355.7994920522
214,0.8262542,0.3119133,18372,Diesel,0,57.5495181715
155,0.89609313,0.9567217,17775,Super+ 98,0,448.0656191216
81,0.18888915,0.9759386,1777,Super+ 98,0,347.0818446567
227,0.5357471,0.52458674,17700,Super+ 98,0,130.5538429448
77,0.6558909,0.16722667,3096,Diesel,1,287.6924726273
135,0.8486442,0.22324526,19418,Super+ 98,0,386.2088095071
60,0.5159774,0.34711456,1023,Super+ 98,1,482.4793561588
306,0.58003336,0.22951138,2735,Diesel,1,218.4437051342
324,0.9390727,0.67771554,12203,Super+ 98,0,259.6144103492
279,0.07297945,0.13692808,8286,Diesel,1,195.3165762953
138,0.05660492,0.42809188,14225,Super+ 98,0,233.3726432226
85,0.53786707,0.81535536,1969,Diesel,1,36.7562131924
88,0.82102937,0.28318626,17122,Diesel,1,262.6416940516
153,0.5409914,0.07101935,3665,Super+ 98,0,176.7120140925
205,0.9905121,0.3774597,3992,Diesel,0,57.1169206567
176,0.5799267,0.4348284,4016,Super+ 98,0,452.1365519448
128,0.58889234,0.9368902,16468,Diesel,0,314.2827748176
78,0.96725225,0.26048476,4741,Diesel,0,338.7640511869
344,0.38502198,0.003101945,4250,Diesel,1,136.1925779164
227,0.33320045,0.8044434,3736,Diesel,0,368.5444956735
144,0.2999302,0.035008132,747,Super+ 98,1,130.1226912357
199,0.0715574,0.045252144,5708,Super+ 98,1,240.3490224601
328,0.7111681,0.8904986,2723,Super+ 98,1,175.8571618741
196,0.678482,0.56931645,8151,Diesel,0,238.5037166235
8,0.12559563,0.92801946,7387,Diesel,1,73.8374216039
115,0.02128607,0.7229965,5145,Diesel,1,146.7001208324
12,0.24723041,0.65871817,12435,Diesel,0,313.0177848615
321,0.38099128,0.7619971,13325,Super+ 98,1,229.6407492081
36,0.07730341,0.26682413,11657,Super+ 98,0,466.1753181393
314,0.7517046,0.5706704,8377,Super+ 98,1,179.220314946
318,0.30905038,0.9142714,2914,Super+ 98,1,339.9134217848
204,0.2597952,0.62685096,9476,Super+ 98,0,255.15916985
196,0.16070491,0.2750842,5874,Super+ 98,0,91.3649094303
105,0.011607587,0.60413945,16444,Super+ 98,1,162.1753451832
109,0.01409632,0.26413602,12737,Super+ 98,0,451.661268155
347,0.583396,0.1856879,6907,Diesel,0,237.2891765835
242,0.055321813,0.29489774,3189,Super+ 98,1,111.1597591818
42,0.62808603,0.93649703,10989,Diesel,0,53.0310382878
139,0.8759268,0.36615133,10631,Super+ 98,1,305.7025893564
298,0.7194984,0.9935638,13439,Diesel,1,81.0537003504
355,0.8671987,0.85316396,11602,Diesel,1,189.7052988484
286,0.8865292,0.87592787,16253,Super+ 98,0,82.6191052165
329,0.05172217,0.39171183,8936,Diesel,0,318.5452238798
134,0.0019046068,0.7292874,19142,Super+ 98,1,70.1228701733
310,0.16329223,0.7839921,4062,Diesel,1,138.5021162056
305,0.3546195,0.58448887,6875,Super+ 98,1,395.9367067823
34,0.8452964,0.54699403,1258,Super+ 98,1,1.1171664874
1,0.18270326,0.56459177,15449,Super+ 98,1,474.3728863616
177,0.50533754,0.12705499,14709,Super+ 98,0,9.6543926637
130,0.48210293,0.56414026,11838,Diesel,1,45.3996071509
44,0.87197584,0.9301813,14318,Diesel,1,249.0071841291
133,0.48001295,0.71874857,17326,Super+ 98,1,461.372176361
179,0.7737354,0.12728637,18691,Diesel,1,129.8484469446
22,0.9371819,0.013175249,2406,Super+ 98,0,343.5293305326
18,0.5935698,0.11928159,4449,Super+ 98,0,303.6754562078
270,0.01773715,0.61930645,7134,Super+ 98,1,101.7963614793
27,0.25253463,0.4778273,12215,Diesel,0,167.4383110749
343,0.7167659,0.22536415,11021,Diesel,0,380.6789842186
198,0.1581161,0.5047633,16749,Super+ 98,1,101.4814385902
232,0.6819417,0.620448,3845,Super+ 98,1,436.1969956902
255,0.35691214,0.28128737,1141,Super+ 98,1,433.7664145722
269,0.42844552,0.40928906,12513,Diesel,1,481.3682874404
28,0.2600507,0.6606008,7659,Diesel,1,140.5257048869
281,0.027050555,0.072121084,14263,Diesel,1,351.1524765446
257,0.9748731,0.12550515,12167,Diesel,0,218.3753694163
104,0.88946456,0.26324773,18974,Super+ 98,1,137.5481378954
58,0.15492451,0.53425837,2419,Super+ 98,1,352.573021125
212,0.6831756,0.5576884,4017,Super+ 98,1,184.2105263231
115,0.19352823,0.26597184,6768,Super+ 98,1,159.8410504881
177,0.9403205,0.23164141,346,Diesel,0,372.6516690687
178,0.80491304,0.11914486,8703,Super+ 98,1,245.7689473989
299,0.7132743,0.5255402,13442,Super+ 98,0,115.8504238102
306,0.04369557,0.53047025,2465,Diesel,0,331.1591820063
308,0.5117076,0.92493224,6414,Super+ 98,0,262.1795714039
81,0.1363877,0.6312268,4769,Diesel,1,330.842139559
311,0.90582126,0.10925752,1095,Diesel,1,3.6721101609
336,0.2592966,0.08043444,3353,Super+ 98,0,125.34273864
251,0.91275275,0.7431967,5588,Diesel,0,146.9405720392
233,0.50112784,0.26453215,1000,Super+ 98,1,301.6781366428
15,0.06625885,0.2679395,2905,Super+ 98,1,398.9444167203
307,0.6727592,0.21185082,17543,Diesel,1,425.3419638891
186,0.69091237,0.29227102,5398,Diesel,1,207.6156792171
18,0.04385507,0.9585577,14802,Super+ 98,0,173.5429267448
339,0.88026047,0.16778278,6148,Super+ 98,1,252.3619762298
51,0.09522921,0.60560447,8303,Super+ 98,1,327.603023594
58,0.43016863,0.91386575,19262,Super+ 98,1,34.2896841207
272,0.88930076,0.5250849,3472,Diesel,0,97.129726796
243,0.8960285,0.9806326,11642,Super+ 98,0,247.282241542
112,0.5297717,0.7580723,2682,Super+ 98,1,13.3661315649
4,0.45057297,0.21232265,15040,Diesel,0,483.8135900247
141,0.92373186,0.09421855,18710,Super+ 98,0,442.6109654408
64,0.03430009,0.5858186,9239,Diesel,0,191.8109213021
353,0.58397806,0.16813469,4115,Diesel,0,261.8154828415
91,0.51064533,0.19953877,12975,Super+ 98,1,309.7044275354
214,0.7136392,0.43181396,11351,Super+ 98,1,258.9268820942
350,0.8469343,0.44710082,10129,Diesel,0,391.9129389682
1,0.5606929,0.42291284,10036,Diesel,1,117.8870191368
277,0.5221934,0.89774066,10201,Diesel,1,213.6967080872
107,0.4861483,0.925698,7226,Super+ 98,0,453.8700156547
243,0.46199888,0.69404656,12225,Diesel,0,16.3429656032
331,0.065238535,0.823354,17545,Super+ 98,0,41.1861914574
344,0.707926,0.44214118,6820,Diesel,1,271.5360458359
111,0.50277567,0.24970573,6355,Super+ 98,1,49.6820546165
81,0.86989194,0.99183536,1079,Diesel,1,39.7764361802
30,0.056007683,0.099816024,16880,Diesel,1,405.1492167361
269,0.0745914,0.8700637,13201,Super+ 98,0,146.2170450258
135,0.9546796,0.09663582,6336,Super+ 98,0,256.7290504858
164,0.40657568,0.5386655,1199,Super+ 98,1,216.2993306193
123,0.1421752,0.08021474,11538,Diesel,1,304.1902234967
83,0.062686026,0.5310003,11007,Super+ 98,0,114.242412998
31,0.2609328,0.26851052,17607,Super+ 98,0,179.539794776
223,0.10244286,0.71705806,5148,Super+ 98,1,33.6702171154
139,0.98524487,0.64788306,3911,Diesel,1,85.8231299004
138,0.55809474,0.017542422,1621,Super+ 98,0,290.8112361618
143,0.38207453,0.5603567,4585,Diesel,0,350.5663757367
209,0.0052813888,0.8539927,16354,Super+ 98,1,235.8471849453
253,0.85602355,0.7374542,3602,Diesel,1,312.1476860573
97,0.4169981,0.51757175,5383,Diesel,1,370.8839594116
237,0.19292116,0.6480818,2230,Diesel,1,48.25884853
87,0.81047624,0.8526597,1946,Super+ 98,0,72.58593938
140,0.52933925,0.5048748,2863,Diesel,0,185.978304655
126,0.334314,0.79402363,18672,Diesel,0,379.1370234961
203,0.76808184,0.85850185,14229,Super+ 98,1,138.5487688425
237,0.6888438,0.3614937,14718,Super+ 98,0,149.9367684603
311,0.6374683,0.7277307,19893,Diesel,0,449.4148271928
217,0.36473072,0.58357793,5044,Diesel,0,493.7902712342
97,0.5007214,0.6674181,16206,Diesel,0,319.036131379
230,0.28080422,0.6880142,4532,Super+ 98,0,362.7315651228
217,0.5500026,0.26572323,1127,Super+ 98,0,482.7644775719
197,0.03659141,0.9965441,6937,Super+ 98,1,229.6060209223
261,0.63284826,0.8376816,182,Super+ 98,0,299.808771118
277,0.5040698,0.9679028,18218,Diesel,1,302.2554964726
192,0.581093,0.37528044,5923,Diesel,0,38.1927978306
212,0.65065545,0.6268745,13655,Diesel,0,113.0244988256
85,0.059907734,0.7119115,8115,Super+ 98,0,225.9431569748
175,0.320381,0.61389714,3819,Diesel,1,450.9022788598
355,0.45108944,0.42946178,12292,Super+ 98,0,231.89062518
181,0.6618879,0.12666953,18794,Super+ 98,1,287.9824806112
231,0.17299294,0.6430442,14690,Diesel,0,206.7047018729
327,0.535417,0.82279193,14734,Super+ 98,1,16.4382610518
36,0.13314205,0.26268417,5858,Diesel,0,470.2885687734
252,0.6523267,0.24986225,5792,Diesel,0,61.5890808473
143,0.2109294,0.3499056,12914,Super+ 98,0,32.9591296738
333,0.31581098,0.76855826,15900,Diesel,0,76.3359494971
284,0.5090158,0.82315195,4423,Diesel,0,287.1372254943
125,0.23178601,0.06424618,1208,Super+ 98,1,143.1964483926
7,0.75734764,0.9848874,16968,Super+ 98,0,225.3131451043
355,0.53982365,0.9898911,10861,Super+ 98,0,116.327650569
325,0.23302984,0.9736182,7752,Super+ 98,1,139.1198208323
38,0.6813359,0.6120252,18714,Diesel,1,383.7575275996
317,0.98327345,0.3975215,1769,Diesel,0,94.3227551651
325,0.6358902,0.65406656,2751,Diesel,0,164.7866930687
267,0.27760732,0.29829413,19102,Diesel,0,325.9061053988
336,0.4784497,0.66211736,595,Super+ 98,0,171.5238679927
254,0.30548358,0.86291206,7659,Super+ 98,1,214.3549361616
276,0.8788104,0.6866584,3222,Diesel,0,67.7385623478
43,0.30547917,0.33100635,3960,Super+ 98,1,26.8372364695
298,0.22433323,0.94117993,19583,Super+ 98,1,248.483795735
247,0.80979025,0.94980806,6679,Diesel,0,13.2885279276
174,0.52027893,0.86736846,17865,Diesel,1,79.2727599672
125,0.107323945,0.16337663,9214,Diesel,0,149.2068754148
202,0.4107957,0.9064876,19514,Diesel,1,144.4150868546
155,0.03452909,0.1524455,3152,Diesel,0,280.4310428067
69,0.8328471,0.65304327,18127,Super+ 98,0,83.9665042452
37,0.26286477,0.38377672,1655,Super+ 98,0,63.6450374821
16,0.90924644,0.48727983,7024,Super+ 98,0,473.531703568
105,0.18397123,0.96662647,3814,Diesel,1,459.3613137323
242,0.48900318,0.7750685,7462,Diesel,1,435.8025280398
140,0.15963,0.4656312,3088,Diesel,1,419.4987052756
47,0.7967957,0.4800017,144,Diesel,1,145.5068523293
252,0.15841544,0.70793927,6906,Diesel,0,355.7458911741
229,0.41520095,0.22308224,16096,Diesel,1,20.1891026106
357,0.8462839,0.31046623,15649,Super+ 98,1,29.2324866868
170,0.92841846,0.34812737,19180,Super+ 98,0,227.783707184
150,0.76472586,0.14328009,8323,Super+ 98,1,282.6961600402
212,0.7303354,0.55176324,5735,Diesel,0,189.3551512285
243,0.5443472,0.66572577,15705,Super+ 98,1,235.4504513293
121,0.55974364,0.913238,11461,Diesel,1,480.7322273905
270,0.37856972,0.9212712,8582,Super+ 98,1,438.421104918
301,0.86596215,0.09191096,14852,Diesel,0,317.9454944584
320,0.20907098,0.6042061,8599,Diesel,1,309.685931256
358,0.87792057,0.8981025,19434,Super+ 98,0,419.1293421585
245,0.14121306,0.46875215,19650,Super+ 98,0,158.5891596739
122,0.87870646,0.4988286,18245,Diesel,0,295.4898485611
207,0.3611486,0.46104085,8883,Diesel,1,118.9516774875
72,0.8294834,0.015197992,6979,Diesel,0,431.9461935294
280,0.41620874,0.98585856,10486,Diesel,1,375.0537358158
143,0.10166663,0.59597194,7480,Diesel,1,150.0385224094
219,0.6279185,0.3811596,7255,Super+ 98,1,257.3334744093
219,0.48109126,0.5090261,4533,Super+ 98,0,293.400507142
70,0.834539,0.07851499,1228,Diesel,1,104.8475762227
130,0.079651,0.963882,11360,Super+ 98,0,56.1809037203
360,0.48592317,0.50633895,11948,Super+ 98,1,306.6019674138
1,0.91401047,0.93450767,19588,Super+ 98,1,199.11428774
171,0.4037677,0.46231693,17799,Diesel,0,370.3486667471
287,0.5219151,0.55564386,8149,Super+ 98,0,258.4897112238
198,0.6144621,0.41327226,14237,Super+ 98,0,225.6807547966
312,0.45438707,0.8665319,1151,Diesel,0,366.0116090794
309,0.13364315,0.7442271,19146,Super+ 98,1,340.3166585968
150,0.2553923,0.49071062,1084,Diesel,0,264.8225569113
86,0.90855986,0.5550514,12887,Super+ 98,0,195.4250265397
233,0.7625217,0.020428121,12022,Super+ 98,1,198.8649594676
100,0.6766334,0.11737394,10305,Diesel,0,479.4555444187
299,0.73161143,0.36721104,9798,Super+ 98,1,273.5871081013
244,0.4941327,0.52623487,13090,Super+ 98,0,66.9289584051
226,0.8449216,0.45583218,8331,Diesel,0,482.2795884058
342,0.039449573,0.6092353,8845,Super+ 98,0,93.9530208859
329,0.032521605,0.045276463,9339,Diesel,0,474.8211050644
291,0.3007694,0.10006988,1240,Super+ 98,0,390.698953148
296,0.5779024,0.62640643,13853,Diesel,1,38.0854735327
279,0.38623202,0.41497552,3563,Super+ 98,0,175.0667443525
244,0.92592204,0.0750401,555,Diesel,0,50.6014686595
160,0.7192739,0.3248474,4525,Diesel,0,485.5227019869
188,0.52160776,0.7175161,6904,Super+ 98,1,54.8397610404
71,0.9243706,0.5766494,15837,Diesel,0,130.5734875221
169,0.87233067,0.2854814,2380,Super+ 98,1,128.7888805109
319,0.2708853,0.92984515,7695,Diesel,0,42.5633025485
169,0.10480589,0.1287803,12286,Diesel,1,460.2451279692
45,0.39165556,0.47699732,3682,Super+ 98,1,183.383277485
300,0.9047831,0.6050233,151,Diesel,0,262.4060576652
113,0.78996825,0.8105118,4223,Super+ 98,0,137.7579258202
182,0.13560843,0.9570304,4017,Super+ 98,0,357.1401299211
354,0.5035066,0.08586228,4496,Super+ 98,0,431.7708181442
53,0.5547067,0.87069356,13872,Diesel,0,401.0775516996
239,0.4471531,0.13375908,2685,Diesel,1,37.4584066479
294,0.7688916,0.71938264,11227,Super+ 98,1,369.2584727979
7,0.079393566,0.8007015,11796,Super+ 98,1,150.7314083552
7,0.9347599,0.19679606,16814,Super+ 98,0,141.0208716354
271,0.66871166,0.3393712,6913,Diesel,1,254.6865469675
305,0.7808383,0.33074892,12403,Diesel,1,160.6880581402
223,0.35939336,0.87373465,18361,Diesel,1,158.4768682166
142,0.30810052,0.74160755,11265,Diesel,0,425.2358160335
44,0.121837676,0.99014944,14619,Diesel,1,130.4716806813
254,0.2734536,0.9731751,9221,Super+ 98,1,170.9548313271
305,0.10937017,0.5210554,9670,Diesel,1,335.9138457465
188,0.95828885,0.3349282,13091,Super+ 98,1,369.0119637344
179,0.99401927,0.5346497,8922,Diesel,1,343.3869390714
23,0.78154916,0.12704462,16260,Super+ 98,0,490.5396960642
261,0.5639072,0.7082696,19883,Super+ 98,0,225.2661725023
8,0.5509305,0.14183193,12254,Diesel,0,99.9493176279
337,0.68555063,0.8510326,15960,Diesel,1,265.3102063548
72,0.47158647,0.7906735,13780,Diesel,0,135.599849761
224,0.5903675,0.53825516,3368,Diesel,1,422.3046670845
11,0.96380883,0.14823776,1639,Super+ 98,1,182.71190736
26,0.22324371,0.21304,8267,Diesel,0,190.1261960822
309,0.5115709,0.112537146,14175,Diesel,1,338.4639138091
105,0.8989448,0.0054517984,2890,Super+ 98,0,35.7318328775
15,0.41388696,0.8996664,6064,Super+ 98,1,392.1180150737
13,0.48451734,0.59948164,18360,Diesel,1,129.8887186872
142,0.32519704,0.069808125,6026,Diesel,1,276.418141256
299,0.8490519,0.39427322,753,Super+ 98,0,208.248212485
46,0.67501616,0.32156765,7859,Super+ 98,1,263.3873421166
283,0.06632942,0.11252093,4328,Diesel,1,448.0222906023
42,0.908568,0.9216951,6001,Diesel,1,316.2788943774
21,0.7917532,0.69402736,16102,Diesel,1,163.1286847255
92,0.9479516,0.14185268,1855,Diesel,0,483.9492221693
293,0.04307598,0.49878263,801,Super+ 98,0,437.4161025038
125,0.53658634,0.37299842,9035,Diesel,1,358.6955226738
316,0.7741997,0.37697715,2738,Super+ 98,1,364.4980719794
225,0.09345269,0.04581374,17089,Diesel,1,459.7650103383
236,0.20992339,0.21777916,16726,Diesel,0,41.5210269062
214,0.38671255,0.33223122,9404,Diesel,0,453.0509916226
114,0.35129327,0.6783529,5029,Super+ 98,1,10.9667374231
95,0.18955046,0.17065203,3356,Super+ 98,0,242.2919112584
202,0.80951923,0.276905,19784,Super+ 98,1,5.383672728
97,0.9939899,0.92260116,8066,Diesel,1,101.7928172181
296,0.6913544,0.95634073,3854,Diesel,0,143.2326771887
268,0.83586454,0.41968608,7263,Super+ 98,0,305.737655975
96,0.37520838,0.76944673,17304,Super+ 98,0,460.3351050845
37,0.17245972,0.78923535,6879,Diesel,1,139.1617721991
134,0.81877685,0.7660437,15247,Super+ 98,1,254.3516761404
292,0.05210799,0.7014253,7808,Diesel,0,322.9107069685
9,0.70546114,0.09548688,4578,Super+ 98,1,428.0024414554
235,0.50937814,0.48152584,5974,Super+ 98,0,412.2822859826
99,0.85302734,0.3144986,2640,Diesel,1,384.6101333711
165,0.64624393,0.0106319785,1634,Diesel,1,170.6062835828
195,0.2030192,0.61465573,6392,Super+ 98,1,246.449210749
356,0.69065756,0.71774995,8249,Super+ 98,0,97.690758995
7,0.32852715,0.97500235,14813,Super+ 98,0,144.6070681367
120,0.3423738,0.029957056,11192,Super+ 98,0,259.9955850728
157,0.7872313,0.63945,18656,Super+ 98,0,1.4066112056
309,0.44498283,0.05569315,4461,Super+ 98,1,90.4218377949
268,0.91569,0.41986835,5146,Super+ 98,0,393.8756717432
65,0.93219477,0.98254406,18924,Diesel,0,205.8755857298
107,0.31624722,0.4089505,11529,Diesel,0,99.3774709011
248,0.5120037,0.99649763,17769,Super+ 98,0,219.1274929336
61,0.1145677,0.71350944,19276,Super+ 98,0,57.0763121702
19,0.06024301,0.9770915,12959,Super+ 98,1,131.9258951323
350,0.26236862,0.931522,12793,Diesel,1,65.3347256844
193,0.72443044,0.8911456,15017,Super+ 98,0,384.3106610009
310,0.2171852,0.8152939,18025,Super+ 98,0,254.7106142827
242,0.67623836,0.30432123,9698,Super+ 98,1,32.4043729378
17,0.17223632,0.31338686,5012,Diesel,1,37.0662541389
348,0.53790843,0.45473093,11116,Diesel,1,129.118277848
315,0.19385576,0.43741322,4828,Super+ 98,0,474.9907829951
101,0.5323942,0.64281255,10927,Super+ 98,1,338.1551104089
118,0.94510704,0.62535954,11160,Super+ 98,0,70.0195010931
167,0.40502524,0.9310015,17249,Diesel,0,26.3241715643
5,0.2668208,0.04113823,19824,Diesel,0,402.8129253854
319,0.6049014,0.06604779,19835,Diesel,0,344.6230730846
13,0.98681515,0.24568594,11606,Super+ 98,1,452.6678112763
297,0.5451064,0.39968067,1474,Super+ 98,0,470.7690729866
318,0.10883051,0.030051649,12747,Super+ 98,1,430.9037710876
178,0.85291964,0.09272599,12463,Super+ 98,0,169.0553017599
86,0.9818181,0.46162856,17020,Diesel,1,462.662173687
118,0.44964206,0.7460775,12111,Diesel,0,474.8050093146
28,0.61528933,0.39648157,14568,Super+ 98,1,307.6248835039
105,0.061907113,0.8484984,2370,Diesel,1,294.5654344465
53,0.08680898,0.44060135,16041,Super+ 98,1,200.866698636
333,0.93990284,0.98383737,1234,Diesel,0,72.9677012874
275,0.51995754,0.32339585,11129,Diesel,0,271.4281030444
280,0.55822545,0.096966386,1293,Super+ 98,1,200.6578679337
68,0.33069116,0.28331226,19898,Diesel,1,414.1362121688
128,0.57984936,0.95788586,4437,Diesel,0,0.4904916752
205,0.18269235,0.5550568,18254,Super+ 98,0,399.674266289
89,0.626515,0.4168747,10163,Super+ 98,1,157.6218706099
79,0.5293183,0.05219519,18156,Diesel,0,31.5235359097
294,0.5807266,0.6793089,4110,Diesel,1,444.2546195276
37,0.30320638,0.88300395,1232,Diesel,0,470.8786238764
77,0.44882786,0.9448777,8061,Diesel,1,99.4499873721
264,0.039507687,0.4996825,6611,Super+ 98,1,473.4603267212
176,0.116300404,0.33384776,16831,Diesel,1,1.7862936661
89,0.19032878,0.3972805,3154,Diesel,1,436.1714514564
148,0.14403117,0.7411229,1058,Super+ 98,0,374.2068600683
226,0.71374595,0.7895092,17909,Diesel,1,263.1072331068
246,0.8177021,0.24075317,16772,Diesel,1,377.9632079517
29,0.32790697,0.41472524,17415,Diesel,0,94.9091329879
235,0.98727775,0.16838157,2663,Super+ 98,1,178.7336028091
177,0.8311818,0.16278166,14892,Super+ 98,1,445.099788748
5,0.5180922,0.051944733,4322,Diesel,1,5.749450767
43,0.065541446,0.29571557,17304,Super+ 98,0,318.3051730546
313,0.49274075,0.4828772,16134,Diesel,1,106.943129014
208,0.006502211,0.1171546,13354,Super+ 98,0,53.71913505
183,0.46924162,0.3088959,16634,Super+ 98,1,378.6667942255
191,0.26718837,0.9176979,16572,Diesel,1,406.3463768896
78,0.74929255,0.7227709,17573,Super+ 98,1,7.5266346785
76,0.878812,0.8759305,3156,Super+ 98,1,132.2999225201
77,0.9197066,0.105664134,9040,Super+ 98,0,212.5232603601
257,0.06879699,0.99852645,8151,Diesel,0,460.1058663828
280,0.09998512,0.6330201,595,Diesel,0,451.5003916657
278,0.09850985,0.37363642,17826,Diesel,1,483.469355249
37,0.3081981,0.23339725,2339,Super+ 98,0,122.4109287498
19,0.6262113,0.0060334206,7720,Super+ 98,1,12.1622449773
74,0.98428017,0.795736,12559,Diesel,1,35.5836857863
70,0.9303096,0.5906863,9966,Super+ 98,0,78.4249603895
228,0.3323127,0.44997722,6600,Diesel,1,169.9701347431
90,0.92830884,0.1939658,1495,Diesel,1,160.7961912363
154,0.9398393,0.93404526,1327,Diesel,1,390.8866678517
249,0.92207867,0.26276255,1350,Super+ 98,1,408.5478499999
88,0.76390845,0.77684253,3411,Super+ 98,1,243.7761703616
129,0.6626623,0.65068305,3287,Diesel,0,372.8884735783
335,0.4517877,0.94374883,16436,Super+ 98,1,63.8361650984
60,0.12723714,0.9668447,15977,Diesel,1,67.6701015189
173,0.32562298,0.2752213,14686,Diesel,1,222.3775881246
288,0.45989388,0.8086568,14060,Super+ 98,0,50.223889483
37,0.4958164,0.07785356,3212,Diesel,0,487.7752475916
291,0.46641237,0.55728126,2743,Diesel,0,184.5395496501
9,0.96149415,0.10088807,4010,Super+ 98,1,401.5075641222
148,0.019488394,0.95333374,19614,Super+ 98,1,433.7664147818
94,0.3420127,0.6895049,17347,Diesel,0,458.3993663822
66,0.9533143,0.36948836,15741,Super+ 98,0,416.5340660827
29,0.93715936,0.7381399,14581,Diesel,1,262.3663530245
7,0.9983886,0.09341377,14511,Super+ 98,0,60.2733244526
263,0.9542557,0.43230957,16136,Super+ 98,1,167.3606219885
220,0.74995875,0.5189274,12548,Diesel,0,384.3650410072
41,0.91607875,0.8311009,89,Super+ 98,1,311.2639812239
119,0.6916044,0.4557814,7547,Super+ 98,0,90.5378150133
299,0.2613629,0.054939568,14027,Diesel,1,278.2667666314
8,0.74511474,0.7577534,9765,Super+ 98,1,498.0840428027
37,0.26770043,0.57796794,14031,Diesel,1,28.5086470847
276,0.4718302,0.58256775,9205,Super+ 98,1,24.0773612243
47,0.70752615,0.21882915,10351,Diesel,0,254.2718508164
272,0.5330054,0.4853472,15794,Super+ 98,1,54.6853464131
135,0.6771167,0.048790395,16959,Diesel,1,248.9812577186
331,0.40631717,0.9110821,8904,Super+ 98,1,172.0206939193
290,0.96815443,0.7514065,8541,Super+ 98,0,461.9095181378
246,0.10080147,0.6818954,2140,Super+ 98,1,492.3144490742
117,0.7148451,0.30033165,15496,Diesel,0,232.6682832096
15,0.11074495,0.076242685,8757,Diesel,0,419.4025114888
337,0.09090364,0.63846624,19800,Super+ 98,0,191.2319493836
151,0.08537316,0.30191076,18386,Diesel,0,363.6913083044
233,0.47682112,0.76613605,16973,Diesel,0,421.4100352202
54,0.6114667,0.3968824,18389,Diesel,1,106.4778756817
60,0.77888924,0.9019276,4598,Super+ 98,1,396.221558337
25,0.33231616,0.3484035,4178,Diesel,1,47.7952704031
179,0.071040034,0.02286607,4879,Diesel,1,170.7035431671
